﻿<?xml version="1.0" encoding="utf-8"?>
<ArrayOfUnitGroup xmlns:xsi="http://www.w3.org/2001/XMLSchema-instance" xmlns:xsd="http://www.w3.org/2001/XMLSchema">
  <UnitGroup Id="1" Name="长度">
    <Units>
      <Unit Param="1" Name="km" />
      <Unit Param="0.001" Name="m" />
      <Unit Param="0.0001" Name="dm" />
      <Unit Param="0.00001" Name="cm" />
      <Unit Param="0.000001" Name="mm" />
    </Units>
  </UnitGroup>

  <UnitGroup Id="2" Name="重量">
    <Units>
      <Unit Param="1" Name="t"/>
      <Unit Param="0.001" Name="kg"/>
      <Unit Param="0.00001" Name="g"/>
      <Unit Param="0.00000001" Name="mg"/>
    </Units>
  </UnitGroup>
</ArrayOfUnitGroup>