<?xml version='1.0'?>
<Obfuscator>
  <Var name="InPath" value="." />
  <Var name="OutPath" value=".\Obfuscar" />
  <Var name="ReuseNames" value="true" />
  <Var name="RenameProperties" value="false" />
  <Var name="RenameEvents" value="false" />
  <Var name="RenameFields" value="true" />
  <Var name="UseUnicodeNames" value="true" />
  <Var name="KeepPublicApi" value="false" />
  <Var name="HidePrivateApi" value="true" />
  <Var name="HideStrings" value="false" />
  <Var name="SuppressIldasm" value="true" />

  <Module file="$(InPath)\HeBianGu.Diagram.DrawingBox.dll" >
  </Module>
  <AssemblySearchPath path="C:\Program Files\dotnet\shared\Microsoft.WindowsDesktop.App\6.0.0\" />
  <AssemblySearchPath path="C:\Program Files\dotnet\shared\Microsoft.NETCore.App\6.0.0\" />
  <AssemblySearchPath path="C:\Program Files\dotnet\packs\Microsoft.WindowsDesktop.App.Ref\6.0.0\ref\net6.0\"/>
</Obfuscator>
